-- MySQL dump 10.13  Distrib 5.5.46, for debian-linux-gnu (x86_64)
--
-- Host: localhost    Database: GEOMETRY
-- ------------------------------------------------------
-- Server version	5.5.46-0+deb7u1

/*!40101 SET @OLD_CHARACTER_SET_CLIENT=@@CHARACTER_SET_CLIENT */;
/*!40101 SET @OLD_CHARACTER_SET_RESULTS=@@CHARACTER_SET_RESULTS */;
/*!40101 SET @OLD_COLLATION_CONNECTION=@@COLLATION_CONNECTION */;
/*!40101 SET NAMES utf8 */;
/*!40103 SET @OLD_TIME_ZONE=@@TIME_ZONE */;
/*!40103 SET TIME_ZONE='+00:00' */;
/*!40014 SET @OLD_UNIQUE_CHECKS=@@UNIQUE_CHECKS, UNIQUE_CHECKS=0 */;
/*!40014 SET @OLD_FOREIGN_KEY_CHECKS=@@FOREIGN_KEY_CHECKS, FOREIGN_KEY_CHECKS=0 */;
/*!40101 SET @OLD_SQL_MODE=@@SQL_MODE, SQL_MODE='NO_AUTO_VALUE_ON_ZERO' */;
/*!40111 SET @OLD_SQL_NOTES=@@SQL_NOTES, SQL_NOTES=0 */;

--
-- Table structure for table `CHAMBERS`
--

DROP TABLE IF EXISTS `CHAMBERS`;
/*!40101 SET @saved_cs_client     = @@character_set_client */;
/*!40101 SET character_set_client = utf8 */;
CREATE TABLE `CHAMBERS` (
  `IDX` int(11) NOT NULL AUTO_INCREMENT,
  `NUM` int(11) DEFAULT '0',
  `X0` double DEFAULT '0',
  `Y0` double DEFAULT '0',
  `Z0` double DEFAULT '0',
  `X1` double DEFAULT '0',
  `Y1` double DEFAULT '0',
  `Z1` double DEFAULT '0',
  `PLANID` int(11) DEFAULT '0',
  `VERSIONID` int(11) DEFAULT '0',
  `VALID` tinyint(1) DEFAULT '1',
  PRIMARY KEY (`IDX`)
) ENGINE=InnoDB AUTO_INCREMENT=56 DEFAULT CHARSET=latin1;
/*!40101 SET character_set_client = @saved_cs_client */;

--
-- Dumping data for table `CHAMBERS`
--

LOCK TABLES `CHAMBERS` WRITE;
/*!40000 ALTER TABLE `CHAMBERS` DISABLE KEYS */;
INSERT INTO `CHAMBERS` VALUES (1,1,0,0,0,100,100,0,1,1,1),(2,2,0,0,2.8,100,100,2.8,2,1,1),(3,3,0,0,5.6,100,100,5.6,3,1,1),(4,4,0,0,8.4,100,100,8.4,4,1,1),(5,5,0,0,11.2,100,100,11.2,5,1,1),(6,6,0,0,14,100,100,14,6,1,1),(7,7,0,0,16.8,100,100,16.8,7,1,1),(8,8,0,0,19.6,100,100,19.6,8,1,1),(9,9,0,0,22.4,100,100,22.4,9,1,1),(10,10,0,0,25.2,100,100,25.2,10,1,1),(11,11,0,0,28,100,100,28,11,1,1),(12,12,0,0,30.8,100,100,30.8,12,1,1),(13,13,0,0,33.6,100,100,33.6,13,1,1),(14,14,0,0,36.4,100,100,36.4,14,1,1),(15,15,0,0,39.2,100,100,39.2,15,1,1),(16,16,0,0,42,100,100,42,16,1,1),(17,17,0,0,44.8,100,100,44.8,17,1,1),(18,18,0,0,47.6,100,100,47.6,18,1,1),(19,19,0,0,50.4,100,100,50.4,19,1,1),(20,20,0,0,53.2,100,100,53.2,20,1,1),(21,21,0,0,56,100,100,56,21,1,1),(22,22,0,0,58.8,100,100,58.8,22,1,1),(23,23,0,0,61.6,100,100,61.6,23,1,1),(24,24,0,0,64.4,100,100,64.4,24,1,1),(25,25,0,0,67.2,100,100,67.2,25,1,1),(26,26,0,0,70,100,100,70,26,1,1),(27,27,0,0,72.8,100,100,72.8,27,1,1),(28,28,0,0,75.6,100,100,75.6,28,1,1),(29,29,0,0,78.4,100,100,78.4,29,1,1),(30,30,0,0,81.2,100,100,81.2,30,1,1),(31,31,0,0,84,100,100,84,31,1,1),(32,32,0,0,86.8,100,100,86.8,32,1,1),(33,33,0,0,89.6,100,100,89.6,33,1,1),(34,34,0,0,92.4,100,100,92.4,34,1,1),(35,35,0,0,95.2,100,100,95.2,35,1,1),(36,36,0,0,98,100,100,98,36,1,1),(37,37,0,0,100.8,100,100,100.8,37,1,1),(38,38,0,0,103.6,100,100,103.6,38,1,1),(39,39,0,0,106.4,100,100,106.4,39,1,1),(40,40,0,0,109.2,100,100,109.2,40,1,1),(41,41,0,0,112,100,100,112,41,1,1),(42,42,0,0,114.8,100,100,114.8,42,1,1),(43,43,0,0,117.6,100,100,117.6,43,1,1),(44,44,0,0,120.4,100,100,120.4,44,1,1),(45,45,0,0,123.2,100,100,123.2,45,1,1),(46,46,0,0,126,100,100,126,46,1,1),(47,47,0,0,128.8,100,100,128.8,47,1,1),(48,48,0,0,131.6,100,100,131.6,48,1,1),(49,49,0,0,134.4,100,100,134.4,49,1,1),(50,50,0,0,137.2,100,100,137.2,50,1,1),(51,51,0,0,190.6,100,100,190.6,51,1,1),(52,52,0,0,238.1,100,100,238.1,52,1,1),(53,53,0,0,285.6,100,100,285.6,53,1,1),(54,54,0,0,333.1,100,100,333.1,54,1,1),(55,57,0,0,937.2,100,100,937.2,55,1,1);
/*!40000 ALTER TABLE `CHAMBERS` ENABLE KEYS */;
UNLOCK TABLES;

--
-- Table structure for table `DIFS`
--

DROP TABLE IF EXISTS `DIFS`;
/*!40101 SET @saved_cs_client     = @@character_set_client */;
/*!40101 SET character_set_client = utf8 */;
CREATE TABLE `DIFS` (
  `IDX` int(11) NOT NULL AUTO_INCREMENT,
  `NUM` int(11) DEFAULT '0',
  `DI` double DEFAULT '0',
  `DJ` double DEFAULT '0',
  `POLI` double DEFAULT '0',
  `POLJ` double DEFAULT '0',
  `CHAMBERID` int(11) DEFAULT '0',
  `VERSIONID` int(11) DEFAULT '0',
  `VALID` tinyint(1) DEFAULT '1',
  PRIMARY KEY (`IDX`)
) ENGINE=InnoDB AUTO_INCREMENT=164 DEFAULT CHARSET=latin1;
/*!40101 SET character_set_client = @saved_cs_client */;

--
-- Dumping data for table `DIFS`
--

LOCK TABLES `DIFS` WRITE;
/*!40000 ALTER TABLE `DIFS` DISABLE KEYS */;
INSERT INTO `DIFS` VALUES (1,181,0,64,1,1,1,1,1),(2,94,0,32,1,1,1,1,1),(3,30,0,0,1,1,1,1,1),(4,117,0,64,1,1,2,1,1),(5,149,0,32,1,1,2,1,1),(6,115,0,0,1,1,2,1,1),(7,122,0,64,1,1,3,1,1),(8,123,0,32,1,1,3,1,1),(9,130,0,0,1,1,3,1,1),(10,129,0,64,1,1,4,1,1),(11,118,0,32,1,1,4,1,1),(12,119,0,0,1,1,4,1,1),(13,164,0,64,1,1,5,1,1),(14,152,0,32,1,1,5,1,1),(15,151,0,0,1,1,5,1,1),(16,74,0,64,1,1,6,1,1),(17,61,0,32,1,1,6,1,1),(18,75,0,0,1,1,6,1,1),(19,156,0,64,1,1,7,1,1),(20,111,0,32,1,1,7,1,1),(21,110,0,0,1,1,7,1,1),(22,102,0,64,1,1,8,1,1),(23,177,0,32,1,1,8,1,1),(24,103,0,0,1,1,8,1,1),(25,133,0,64,1,1,9,1,1),(26,136,0,32,1,1,9,1,1),(27,134,0,0,1,1,9,1,1),(28,128,0,64,1,1,10,1,1),(29,120,0,32,1,1,10,1,1),(30,121,0,0,1,1,10,1,1),(31,65,0,64,1,1,11,1,1),(32,64,0,32,1,1,11,1,1),(33,58,0,0,1,1,11,1,1),(34,148,0,64,1,1,12,1,1),(35,72,0,32,1,1,12,1,1),(36,73,0,0,1,1,12,1,1),(37,78,0,64,1,1,13,1,1),(38,79,0,32,1,1,13,1,1),(39,60,0,0,1,1,13,1,1),(40,44,0,64,1,1,14,1,1),(41,43,0,32,1,1,14,1,1),(42,113,0,0,1,1,14,1,1),(43,66,0,64,1,1,15,1,1),(44,69,0,32,1,1,15,1,1),(45,68,0,0,1,1,15,1,1),(46,186,0,0,1,1,16,1,1),(47,127,0,32,1,1,16,1,1),(48,154,0,64,1,1,16,1,1),(49,147,0,64,1,1,17,1,1),(50,70,0,32,1,1,17,1,1),(51,71,0,0,1,1,17,1,1),(52,47,0,64,1,1,18,1,1),(53,139,0,32,1,1,18,1,1),(54,140,0,0,1,1,18,1,1),(55,143,0,64,1,1,19,1,1),(56,77,0,32,1,1,19,1,1),(57,76,0,0,1,1,19,1,1),(58,159,0,64,1,1,20,1,1),(59,91,0,32,1,1,20,1,1),(60,36,0,0,1,1,20,1,1),(61,179,0,64,1,1,21,1,1),(62,178,0,32,1,1,21,1,1),(63,183,0,0,1,1,21,1,1),(64,41,0,64,1,1,22,1,1),(65,42,0,32,1,1,22,1,1),(66,67,0,0,1,1,22,1,1),(67,137,0,64,1,1,23,1,1),(68,46,0,32,1,1,23,1,1),(69,138,0,0,1,1,23,1,1),(70,131,0,64,1,1,24,1,1),(71,173,0,32,1,1,24,1,1),(72,144,0,0,1,1,24,1,1),(73,189,0,64,1,1,25,1,1),(74,184,0,32,1,1,25,1,1),(75,160,0,0,1,1,25,1,1),(76,172,0,64,1,1,26,1,1),(77,167,0,32,1,1,26,1,1),(78,171,0,0,1,1,26,1,1),(79,146,0,64,1,1,27,1,1),(80,135,0,32,1,1,27,1,1),(81,145,0,0,1,1,27,1,1),(82,185,0,64,1,1,28,1,1),(83,170,0,32,1,1,28,1,1),(84,180,0,0,1,1,28,1,1),(85,187,0,64,1,1,29,1,1),(86,188,0,32,1,1,29,1,1),(87,190,0,0,1,1,29,1,1),(88,169,0,64,1,1,30,1,1),(89,165,0,32,1,1,30,1,1),(90,166,0,0,1,1,30,1,1),(91,155,0,64,1,1,31,1,1),(92,57,0,32,1,1,31,1,1),(93,50,0,0,1,1,31,1,1),(94,153,0,0,1,1,32,1,1),(95,108,0,32,1,1,32,1,1),(96,25,0,64,1,1,32,1,1),(97,51,0,64,1,1,33,1,1),(98,56,0,32,1,1,33,1,1),(99,109,0,0,1,1,33,1,1),(100,107,0,0,1,1,34,1,1),(101,150,0,32,1,1,34,1,1),(102,116,0,64,1,1,34,1,1),(103,126,0,64,1,1,35,1,1),(104,124,0,32,1,1,35,1,1),(105,49,0,0,1,1,35,1,1),(106,174,0,64,1,1,36,1,1),(107,175,0,32,1,1,36,1,1),(108,176,0,0,1,1,36,1,1),(109,48,0,64,1,1,37,1,1),(110,45,0,32,1,1,37,1,1),(111,114,0,0,1,1,37,1,1),(112,98,0,64,1,1,38,1,1),(113,93,0,32,1,1,38,1,1),(114,40,0,0,1,1,38,1,1),(115,92,0,64,1,1,39,1,1),(116,97,0,32,1,1,39,1,1),(117,100,0,0,1,1,39,1,1),(118,62,0,64,1,1,40,1,1),(119,106,0,32,1,1,40,1,1),(120,132,0,0,1,1,40,1,1),(121,101,0,64,1,1,41,1,1),(122,35,0,32,1,1,41,1,1),(123,99,0,0,1,1,41,1,1),(124,158,0,64,1,1,42,1,1),(125,142,0,32,1,1,42,1,1),(126,141,0,0,1,1,42,1,1),(127,163,0,64,1,1,43,1,1),(128,161,0,32,1,1,43,1,1),(129,162,0,0,1,1,43,1,1),(130,104,0,64,1,1,44,1,1),(131,29,0,32,1,1,44,1,1),(132,112,0,0,1,1,44,1,1),(133,59,0,64,1,1,45,1,1),(134,53,0,32,1,1,45,1,1),(135,54,0,0,1,1,45,1,1),(136,96,0,64,1,1,46,1,1),(137,90,0,32,1,1,46,1,1),(138,27,0,0,1,1,46,1,1),(139,95,0,64,1,1,47,1,1),(140,8,0,32,1,1,47,1,1),(141,5,0,0,1,1,47,1,1),(142,63,0,0,1,1,48,1,1),(143,87,0,32,1,1,48,1,1),(144,18,0,64,1,1,48,1,1),(145,243,0,0,1,1,49,1,1),(146,242,0,32,1,1,49,1,1),(147,241,0,64,1,1,49,1,1),(148,105,0,0,1,1,50,1,1),(149,182,0,32,1,1,50,1,1),(150,80,0,64,1,1,50,1,1),(151,205,0,64,1,1,51,1,1),(152,206,0,32,1,1,51,1,1),(153,207,0,0,1,1,51,1,1),(154,208,0,64,1,1,52,1,1),(155,209,0,32,1,1,52,1,1),(156,210,0,0,1,1,52,1,1),(157,211,0,64,1,1,53,1,1),(158,212,0,32,1,1,53,1,1),(159,213,0,0,1,1,53,1,1),(160,214,0,64,1,1,54,1,1),(161,215,0,32,1,1,54,1,1),(162,216,0,0,1,1,54,1,1),(163,125,0,0,1,1,55,1,1);
/*!40000 ALTER TABLE `DIFS` ENABLE KEYS */;
UNLOCK TABLES;

--
-- Table structure for table `FILES`
--

DROP TABLE IF EXISTS `FILES`;
/*!40101 SET @saved_cs_client     = @@character_set_client */;
/*!40101 SET character_set_client = utf8 */;
CREATE TABLE `FILES` (
  `IDX` int(11) NOT NULL AUTO_INCREMENT,
  `LOCATION` varchar(256) DEFAULT 'NONE',
  `COMPRESS` int(11) DEFAULT '0',
  `RUN` int(11) DEFAULT '0',
  `VALID` tinyint(1) DEFAULT '1',
  `SQUENCE` int(11) DEFAULT '0',
  `FILTERUNIT` int(11) DEFAULT '0',
  PRIMARY KEY (`IDX`)
) ENGINE=InnoDB AUTO_INCREMENT=79 DEFAULT CHARSET=latin1;
/*!40101 SET character_set_client = @saved_cs_client */;

--
-- Dumping data for table `FILES`
--

LOCK TABLES `FILES` WRITE;
/*!40000 ALTER TABLE `FILES` DISABLE KEYS */;
INSERT INTO `FILES` VALUES (1,'/data/NAS/Results/DHCAL_715493_I0_0.slcio',0,715694,1,0,0),(2,'/data/NAS/Results/DHCAL_715493_I1_0.slcio',0,715694,1,0,1),(3,'/data/NAS/Results/DHCAL_715493_I2_0.slcio',0,715694,1,0,2),(4,'/data/NAS/Results/DHCAL_715493_I3_0.slcio',0,715694,1,0,3),(5,'/data/NAS/BeamTest2012Compressed/DHCAL_715493_I9_0.slcio',1,715694,1,0,0),(6,'/data/NAS/BeamTest2012Compressed/DHCAL_715531_I9_0.slcio',1,715531,1,0,0),(7,'/data/NAS/Results/DHCAL_715531_I3_0.slcio',0,715531,1,0,3),(8,'/data/NAS/Results/DHCAL_715531_I2_0.slcio',0,715531,1,0,2),(9,'/data/NAS/Results/DHCAL_715531_I1_0.slcio',0,715531,1,0,1),(10,'/data/NAS/Results/DHCAL_715531_I0_0.slcio',0,715531,1,0,0),(11,'/data/NAS/BeamTest2012Compressed/DHCAL_715651_I9_0.slcio',1,715651,1,0,0),(12,'/data/NAS/Results/DHCAL_715651_I0_0.slcio',0,715651,1,0,0),(13,'/data/NAS/Results/DHCAL_715651_I0_1.slcio',0,715651,1,1,0),(14,'/data/NAS/Results/DHCAL_715651_I1_0.slcio',0,715651,1,0,1),(15,'/data/NAS/Results/DHCAL_715651_I1_1.slcio',0,715651,1,1,1),(16,'/data/NAS/Results/DHCAL_715651_I2_1.slcio',0,715651,1,1,2),(17,'/data/NAS/Results/DHCAL_715651_I2_0.slcio',0,715651,1,0,2),(18,'/data/NAS/Results/DHCAL_715651_I3_0.slcio',0,715651,1,0,3),(19,'/data/NAS/Results/DHCAL_715651_I3_1.slcio',0,715651,1,1,3),(20,'/data/NAS/Results/DHCAL_715675_I0_0.slcio',0,715675,1,0,0),(21,'/data/NAS/Results/DHCAL_715675_I1_0.slcio',0,715675,1,0,1),(22,'/data/NAS/Results/DHCAL_715675_I2_0.slcio',0,715675,1,0,2),(23,'/data/NAS/Results/DHCAL_715675_I3_0.slcio',0,715675,1,0,3),(24,'/data/NAS/BeamTest2012Compressed/DHCAL_715675_I9_0.slcio',1,715675,1,0,9),(25,'/data/NAS/Results/DHCAL_715693_I0_0.slcio',0,715693,1,0,0),(26,'/data/NAS/Results/DHCAL_715693_I3_0.slcio',0,715693,1,0,3),(27,'/data/NAS/Results/DHCAL_715693_I1_0.slcio',0,715693,1,0,1),(28,'/data/NAS/Results/DHCAL_715693_I2_0.slcio',0,715693,1,0,2),(29,'/data/NAS/BeamTest2012Compressed/DHCAL_715693_I9_0.slcio',1,715693,1,0,9),(30,'/data/NAS/Results/DHCAL_715694_I0_0.slcio',0,715694,1,0,0),(31,'/data/NAS/Results/DHCAL_715694_I2_0.slcio',0,715694,1,0,2),(32,'/data/NAS/Results/DHCAL_715694_I1_0.slcio',0,715694,1,0,1),(33,'/data/NAS/Results/DHCAL_715694_I3_0.slcio',0,715694,1,0,3),(34,'/data/NAS/BeamTest2012Compressed/DHCAL_715694_I9_0.slcio',1,715694,1,0,9),(35,'/data/NAS/Results/DHCAL_715699_I3_0.slcio',0,715699,1,0,3),(36,'/data/NAS/Results/DHCAL_715699_I0_0.slcio',0,715699,1,0,0),(37,'/data/NAS/Results/DHCAL_715699_I1_0.slcio',0,715699,1,0,1),(38,'/data/NAS/Results/DHCAL_715699_I2_0.slcio',0,715699,1,0,2),(39,'/data/NAS/BeamTest2012Compressed/DHCAL_715699_I9_0.slcio',1,715699,1,0,9),(40,'/data/NAS/Results/DHCAL_715703_I3_0.slcio',0,715703,1,0,3),(41,'/data/NAS/Results/DHCAL_715703_I1_0.slcio',0,715703,1,0,1),(42,'/data/NAS/Results/DHCAL_715703_I0_0.slcio',0,715703,1,0,0),(43,'/data/NAS/Results/DHCAL_715703_I2_0.slcio',0,715703,1,0,2),(44,'/data/NAS/BeamTest2012Compressed/DHCAL_715703_I9_0.slcio',1,715703,1,0,9),(45,'/data/NAS/Results/DHCAL_715747_I2_0.slcio',0,715747,1,0,2),(46,'/data/NAS/Results/DHCAL_715747_I1_0.slcio',0,715747,1,0,1),(47,'/data/NAS/Results/DHCAL_715747_I0_0.slcio',0,715747,1,0,0),(48,'/data/NAS/Results/DHCAL_715747_I3_0.slcio',0,715747,1,0,3),(49,'/data/NAS/BeamTest2012Compressed/DHCAL_715747_I9_0.slcio',1,715747,1,0,9),(50,'/data/NAS/Results/DHCAL_715748_I0_0.slcio',0,715748,1,0,0),(51,'/data/NAS/Results/DHCAL_715748_I2_0.slcio',0,715748,1,0,2),(52,'/data/NAS/Results/DHCAL_715748_I1_0.slcio',0,715748,1,0,1),(53,'/data/NAS/Results/DHCAL_715748_I3_0.slcio',0,715748,1,0,3),(54,'/data/NAS/BeamTest2012Compressed/DHCAL_715748_I9_0.slcio',1,715748,1,0,9),(55,'/data/NAS/Results/DHCAL_715751_I1_0.slcio',0,715751,1,0,1),(56,'/data/NAS/Results/DHCAL_715751_I0_0.slcio',0,715751,1,0,0),(57,'/data/NAS/Results/DHCAL_715751_I3_0.slcio',0,715751,1,0,3),(58,'/data/NAS/Results/DHCAL_715751_I2_0.slcio',0,715751,1,0,2),(59,'/data/NAS/BeamTest2012Compressed/DHCAL_715751_I9_0.slcio',1,715751,1,0,9),(60,'/data/NAS/Results/DHCAL_715753_I1_0.slcio',0,715753,1,0,1),(61,'/data/NAS/Results/DHCAL_715753_I2_0.slcio',0,715753,1,0,2),(62,'/data/NAS/Results/DHCAL_715753_I3_0.slcio',0,715753,1,0,3),(63,'/data/NAS/Results/DHCAL_715753_I0_0.slcio',0,715753,1,0,0),(64,'/data/NAS/BeamTest2012Compressed/DHCAL_715753_I9_0.slcio',1,715753,1,0,9),(65,'/data/NAS/Results/DHCAL_715754_I3_0.slcio',0,715754,1,0,3),(66,'/data/NAS/Results/DHCAL_715754_I1_0.slcio',0,715754,1,0,1),(67,'/data/NAS/Results/DHCAL_715754_I2_0.slcio',0,715754,1,0,2),(68,'/data/NAS/Results/DHCAL_715754_I0_0.slcio',0,715754,1,0,0),(69,'/data/NAS/BeamTest2012Compressed/DHCAL_715754_I9_0.slcio',1,715754,1,0,9),(70,'/data/NAS/Results/DHCAL_715756_I2_0.slcio',0,715756,1,0,2),(71,'/data/NAS/Results/DHCAL_715756_I1_0.slcio',0,715756,1,0,1),(72,'/data/NAS/Results/DHCAL_715756_I0_0.slcio',0,715756,1,0,0),(73,'/data/NAS/Results/DHCAL_715756_I3_0.slcio',0,715756,1,0,3),(74,'/data/NAS/BeamTest2012Compressed/DHCAL_715756_I9_0.slcio',1,715756,1,0,9),(75,'/data/NAS/Results/DHCAL_715757_I1_0.slcio',0,715757,1,0,1),(76,'/data/NAS/Results/DHCAL_715757_I2_0.slcio',0,715757,1,0,2),(77,'/data/NAS/Results/DHCAL_715757_I0_0.slcio',0,715757,1,0,0),(78,'/data/NAS/Results/DHCAL_715757_I3_0.slcio',0,715757,1,0,3);
/*!40000 ALTER TABLE `FILES` ENABLE KEYS */;
UNLOCK TABLES;

--
-- Table structure for table `PLANS`
--

DROP TABLE IF EXISTS `PLANS`;
/*!40101 SET @saved_cs_client     = @@character_set_client */;
/*!40101 SET character_set_client = utf8 */;
CREATE TABLE `PLANS` (
  `IDX` int(11) NOT NULL AUTO_INCREMENT,
  `NUM` int(11) DEFAULT '0',
  `X0` double DEFAULT '0',
  `Y0` double DEFAULT '0',
  `Z0` double DEFAULT '0',
  `VERSIONID` int(11) DEFAULT '0',
  `VALID` tinyint(1) DEFAULT '1',
  PRIMARY KEY (`IDX`)
) ENGINE=InnoDB AUTO_INCREMENT=56 DEFAULT CHARSET=latin1;
/*!40101 SET character_set_client = @saved_cs_client */;

--
-- Dumping data for table `PLANS`
--

LOCK TABLES `PLANS` WRITE;
/*!40000 ALTER TABLE `PLANS` DISABLE KEYS */;
INSERT INTO `PLANS` VALUES (1,1,0,0,0,1,1),(2,2,0,0,0,1,1),(3,3,0,0,0,1,1),(4,4,0,0,0,1,1),(5,5,0,0,0,1,1),(6,6,0,0,0,1,1),(7,7,0,0,0,1,1),(8,8,0,0,0,1,1),(9,9,0,0,0,1,1),(10,10,0,0,0,1,1),(11,11,0,0,0,1,1),(12,12,0,0,0,1,1),(13,13,0,0,0,1,1),(14,14,0,0,0,1,1),(15,15,0,0,0,1,1),(16,16,0,0,0,1,1),(17,17,0,0,0,1,1),(18,18,0,0,0,1,1),(19,19,0,0,0,1,1),(20,20,0,0,0,1,1),(21,21,0,0,0,1,1),(22,22,0,0,0,1,1),(23,23,0,0,0,1,1),(24,24,0,0,0,1,1),(25,25,0,0,0,1,1),(26,26,0,0,0,1,1),(27,27,0,0,0,1,1),(28,28,0,0,0,1,1),(29,29,0,0,0,1,1),(30,30,0,0,0,1,1),(31,31,0,0,0,1,1),(32,32,0,0,0,1,1),(33,33,0,0,0,1,1),(34,34,0,0,0,1,1),(35,35,0,0,0,1,1),(36,36,0,0,0,1,1),(37,37,0,0,0,1,1),(38,38,0,0,0,1,1),(39,39,0,0,0,1,1),(40,40,0,0,0,1,1),(41,41,0,0,0,1,1),(42,42,0,0,0,1,1),(43,43,0,0,0,1,1),(44,44,0,0,0,1,1),(45,45,0,0,0,1,1),(46,46,0,0,0,1,1),(47,47,0,0,0,1,1),(48,48,0,0,0,1,1),(49,49,0,0,0,1,1),(50,50,0,0,0,1,1),(51,51,0,0,0,1,1),(52,52,0,0,0,1,1),(53,53,0,0,0,1,1),(54,54,0,0,0,1,1),(55,57,0,0,0,1,1);
/*!40000 ALTER TABLE `PLANS` ENABLE KEYS */;
UNLOCK TABLES;

--
-- Table structure for table `RUNS`
--

DROP TABLE IF EXISTS `RUNS`;
/*!40101 SET @saved_cs_client     = @@character_set_client */;
/*!40101 SET character_set_client = utf8 */;
CREATE TABLE `RUNS` (
  `IDX` int(11) NOT NULL AUTO_INCREMENT,
  `QUALITY` int(11) DEFAULT '0',
  `DEBUT` timestamp NOT NULL DEFAULT CURRENT_TIMESTAMP,
  `RUN` int(11) DEFAULT '0',
  `VERSIONID` int(11) DEFAULT '0',
  `VALID` tinyint(1) DEFAULT '1',
  `ENERGY` float DEFAULT NULL,
  `BEAM` varchar(50) DEFAULT NULL,
  `COMMENTS` varchar(500) DEFAULT NULL,
  PRIMARY KEY (`IDX`)
) ENGINE=InnoDB AUTO_INCREMENT=16 DEFAULT CHARSET=latin1;
/*!40101 SET character_set_client = @saved_cs_client */;

--
-- Dumping data for table `RUNS`
--

LOCK TABLES `RUNS` WRITE;
/*!40000 ALTER TABLE `RUNS` DISABLE KEYS */;
INSERT INTO `RUNS` VALUES (1,1,'2012-09-04 20:25:46',715694,1,1,5,'PI+',NULL),(2,1,'2012-09-04 16:41:20',715693,1,1,10,'PI+',NULL),(3,1,'2012-09-05 23:47:13',715699,1,1,15,'PI+',NULL),(4,1,'2012-09-04 08:22:39',715675,1,1,20,'PI+',NULL),(5,1,'2012-09-06 10:12:20',715703,1,1,25,'PI+',NULL),(6,1,'2012-09-08 16:58:40',715747,1,1,30,'PI+',NULL),(7,1,'2012-09-08 19:05:31',715748,1,1,40,'PI+',NULL),(8,1,'2012-09-08 22:00:46',715751,1,1,50,'PI+',NULL),(9,1,'2012-09-09 01:33:28',715753,1,1,60,'PI+',NULL),(10,1,'2012-09-09 04:12:11',715754,1,1,70,'PI+',NULL),(11,1,'2012-09-09 08:21:11',715756,1,1,80,'PI+',NULL),(12,2,'2012-09-09 10:55:25',715757,1,1,90,'PI+',NULL),(13,1,'2012-09-03 15:00:59',715651,1,1,40,'PI+',NULL),(14,1,'2012-09-01 06:33:13',715531,1,1,60,'PI+',NULL),(15,1,'2012-08-31 20:25:15',715493,1,1,70,'PI+',NULL);
/*!40000 ALTER TABLE `RUNS` ENABLE KEYS */;
UNLOCK TABLES;

--
-- Table structure for table `VERSIONS`
--

DROP TABLE IF EXISTS `VERSIONS`;
/*!40101 SET @saved_cs_client     = @@character_set_client */;
/*!40101 SET character_set_client = utf8 */;
CREATE TABLE `VERSIONS` (
  `IDX` int(11) NOT NULL AUTO_INCREMENT,
  `TESTNAME` varchar(256) DEFAULT 'NONE',
  `QUALITY` int(11) DEFAULT '0',
  `DEBUT` timestamp NOT NULL DEFAULT CURRENT_TIMESTAMP,
  `FIN` timestamp NOT NULL DEFAULT '0000-00-00 00:00:00',
  `VALID` tinyint(1) DEFAULT '1',
  PRIMARY KEY (`IDX`)
) ENGINE=InnoDB AUTO_INCREMENT=2 DEFAULT CHARSET=latin1;
/*!40101 SET character_set_client = @saved_cs_client */;

--
-- Dumping data for table `VERSIONS`
--

LOCK TABLES `VERSIONS` WRITE;
/*!40000 ALTER TABLE `VERSIONS` DISABLE KEYS */;
INSERT INTO `VERSIONS` VALUES (1,'SPS_08_2012',1,'2012-07-31 22:00:00','2012-09-30 21:59:00',1);
/*!40000 ALTER TABLE `VERSIONS` ENABLE KEYS */;
UNLOCK TABLES;
/*!40103 SET TIME_ZONE=@OLD_TIME_ZONE */;

/*!40101 SET SQL_MODE=@OLD_SQL_MODE */;
/*!40014 SET FOREIGN_KEY_CHECKS=@OLD_FOREIGN_KEY_CHECKS */;
/*!40014 SET UNIQUE_CHECKS=@OLD_UNIQUE_CHECKS */;
/*!40101 SET CHARACTER_SET_CLIENT=@OLD_CHARACTER_SET_CLIENT */;
/*!40101 SET CHARACTER_SET_RESULTS=@OLD_CHARACTER_SET_RESULTS */;
/*!40101 SET COLLATION_CONNECTION=@OLD_COLLATION_CONNECTION */;
/*!40111 SET SQL_NOTES=@OLD_SQL_NOTES */;

-- Dump completed on 2015-11-16 13:59:47
