-- MySQL dump 10.13  Distrib 5.5.46, for debian-linux-gnu (x86_64)
--
-- Host: localhost    Database: GEOMETRY
-- ------------------------------------------------------
-- Server version	5.5.46-0+deb7u1

/*!40101 SET @OLD_CHARACTER_SET_CLIENT=@@CHARACTER_SET_CLIENT */;
/*!40101 SET @OLD_CHARACTER_SET_RESULTS=@@CHARACTER_SET_RESULTS */;
/*!40101 SET @OLD_COLLATION_CONNECTION=@@COLLATION_CONNECTION */;
/*!40101 SET NAMES utf8 */;
/*!40103 SET @OLD_TIME_ZONE=@@TIME_ZONE */;
/*!40103 SET TIME_ZONE='+00:00' */;
/*!40014 SET @OLD_UNIQUE_CHECKS=@@UNIQUE_CHECKS, UNIQUE_CHECKS=0 */;
/*!40014 SET @OLD_FOREIGN_KEY_CHECKS=@@FOREIGN_KEY_CHECKS, FOREIGN_KEY_CHECKS=0 */;
/*!40101 SET @OLD_SQL_MODE=@@SQL_MODE, SQL_MODE='NO_AUTO_VALUE_ON_ZERO' */;
/*!40111 SET @OLD_SQL_NOTES=@@SQL_NOTES, SQL_NOTES=0 */;

--
-- Table structure for table `CHAMBERS`
--

DROP TABLE IF EXISTS `CHAMBERS`;
/*!40101 SET @saved_cs_client     = @@character_set_client */;
/*!40101 SET character_set_client = utf8 */;
CREATE TABLE `CHAMBERS` (
  `IDX` int(11) NOT NULL AUTO_INCREMENT,
  `NUM` int(11) DEFAULT '0',
  `X0` double DEFAULT '0',
  `Y0` double DEFAULT '0',
  `Z0` double DEFAULT '0',
  `X1` double DEFAULT '0',
  `Y1` double DEFAULT '0',
  `Z1` double DEFAULT '0',
  `PLANID` int(11) DEFAULT '0',
  `VERSIONID` int(11) DEFAULT '0',
  `VALID` tinyint(1) DEFAULT '1',
  `TYPE` int(11) DEFAULT '0',
  PRIMARY KEY (`IDX`)
) ENGINE=InnoDB AUTO_INCREMENT=111 DEFAULT CHARSET=latin1;
/*!40101 SET character_set_client = @saved_cs_client */;

--
-- Dumping data for table `CHAMBERS`
--

LOCK TABLES `CHAMBERS` WRITE;
/*!40000 ALTER TABLE `CHAMBERS` DISABLE KEYS */;
INSERT INTO `CHAMBERS` VALUES (1,1,0,0,0,100,100,0,1,1,1,0),(2,2,0,0,2.8,100,100,2.8,2,1,1,0),(3,3,0,0,5.6,100,100,5.6,3,1,1,0),(4,4,0,0,8.4,100,100,8.4,4,1,1,0),(5,5,0,0,11.2,100,100,11.2,5,1,1,0),(6,6,0,0,14,100,100,14,6,1,1,0),(7,7,0,0,16.8,100,100,16.8,7,1,1,0),(8,8,0,0,19.6,100,100,19.6,8,1,1,0),(9,9,0,0,22.4,100,100,22.4,9,1,1,0),(10,10,0,0,25.2,100,100,25.2,10,1,1,0),(11,11,0,0,28,100,100,28,11,1,1,0),(12,12,0,0,30.8,100,100,30.8,12,1,1,0),(13,13,0,0,33.6,100,100,33.6,13,1,1,0),(14,14,0,0,36.4,100,100,36.4,14,1,1,0),(15,15,0,0,39.2,100,100,39.2,15,1,1,0),(16,16,0,0,42,100,100,42,16,1,1,0),(17,17,0,0,44.8,100,100,44.8,17,1,1,0),(18,18,0,0,47.6,100,100,47.6,18,1,1,0),(19,19,0,0,50.4,100,100,50.4,19,1,1,0),(20,20,0,0,53.2,100,100,53.2,20,1,1,0),(21,21,0,0,56,100,100,56,21,1,1,0),(22,22,0,0,58.8,100,100,58.8,22,1,1,0),(23,23,0,0,61.6,100,100,61.6,23,1,1,0),(24,24,0,0,64.4,100,100,64.4,24,1,1,0),(25,25,0,0,67.2,100,100,67.2,25,1,1,0),(26,26,0,0,70,100,100,70,26,1,1,0),(27,27,0,0,72.8,100,100,72.8,27,1,1,0),(28,28,0,0,75.6,100,100,75.6,28,1,1,0),(29,29,0,0,78.4,100,100,78.4,29,1,1,0),(30,30,0,0,81.2,100,100,81.2,30,1,1,0),(31,31,0,0,84,100,100,84,31,1,1,0),(32,32,0,0,86.8,100,100,86.8,32,1,1,0),(33,33,0,0,89.6,100,100,89.6,33,1,1,0),(34,34,0,0,92.4,100,100,92.4,34,1,1,0),(35,35,0,0,95.2,100,100,95.2,35,1,1,0),(36,36,0,0,98,100,100,98,36,1,1,0),(37,37,0,0,100.8,100,100,100.8,37,1,1,0),(38,38,0,0,103.6,100,100,103.6,38,1,1,0),(39,39,0,0,106.4,100,100,106.4,39,1,1,0),(40,40,0,0,109.2,100,100,109.2,40,1,1,0),(41,41,0,0,112,100,100,112,41,1,1,0),(42,42,0,0,114.8,100,100,114.8,42,1,1,0),(43,43,0,0,117.6,100,100,117.6,43,1,1,0),(44,44,0,0,120.4,100,100,120.4,44,1,1,0),(45,45,0,0,123.2,100,100,123.2,45,1,1,0),(46,46,0,0,126,100,100,126,46,1,1,0),(47,47,0,0,128.8,100,100,128.8,47,1,1,0),(48,48,0,0,131.6,100,100,131.6,48,1,1,0),(49,49,0,0,134.4,100,100,134.4,49,1,1,0),(50,50,0,0,137.2,100,100,137.2,50,1,1,0),(51,51,0,0,190.6,100,100,190.6,51,1,1,0),(52,52,0,0,238.1,100,100,238.1,52,1,1,0),(53,53,0,0,285.6,100,100,285.6,53,1,1,0),(54,54,0,0,333.1,100,100,333.1,54,1,1,0),(55,57,0,0,937.2,100,100,937.2,55,1,1,0),(56,1,0,0,0,100,100,0,56,2,1,0),(57,2,0,0,2.8,100,100,2.8,57,2,1,0),(58,3,0,0,5.6,100,100,5.6,58,2,1,0),(59,4,0,0,8.4,100,100,8.4,59,2,1,0),(60,5,0,0,11.2,100,100,11.2,60,2,1,0),(61,6,0,0,14,100,100,14,61,2,1,0),(62,7,0,0,16.8,100,100,16.8,62,2,1,0),(63,8,0,0,19.6,100,100,19.6,63,2,1,0),(64,9,0,0,22.4,100,100,22.4,64,2,1,0),(65,10,0,0,25.2,100,100,25.2,65,2,1,0),(66,11,0,0,28,100,100,28,66,2,1,0),(67,12,0,0,30.8,100,100,30.8,67,2,1,0),(68,13,0,0,33.6,100,100,33.6,68,2,1,0),(69,14,0,0,36.4,100,100,36.4,69,2,1,0),(70,15,0,0,39.2,100,100,39.2,70,2,1,0),(71,16,0,0,42,100,100,42,71,2,1,0),(72,17,0,0,44.8,100,100,44.8,72,2,1,0),(73,18,0,0,47.6,100,100,47.6,73,2,1,0),(74,19,0,0,50.4,100,100,50.4,74,2,1,0),(75,20,0,0,53.2,100,100,53.2,75,2,1,0),(76,21,0,0,56,100,100,56,76,2,1,0),(77,22,0,0,58.8,100,100,58.8,77,2,1,0),(78,23,0,0,61.6,100,100,61.6,78,2,1,0),(79,24,0,0,64.4,100,100,64.4,79,2,1,0),(80,25,0,0,67.2,100,100,67.2,80,2,1,0),(81,26,0,0,70,100,100,70,81,2,1,0),(82,27,0,0,72.8,100,100,72.8,82,2,1,0),(83,28,0,0,75.6,100,100,75.6,83,2,1,0),(84,29,0,0,78.4,100,100,78.4,84,2,1,0),(85,30,0,0,81.2,100,100,81.2,85,2,1,0),(86,31,0,0,84,100,100,84,86,2,1,0),(87,32,0,0,86.8,100,100,86.8,87,2,1,0),(88,33,0,0,89.6,100,100,89.6,88,2,1,0),(89,34,0,0,92.4,100,100,92.4,89,2,1,0),(90,35,0,0,95.2,100,100,95.2,90,2,1,0),(91,36,0,0,98,100,100,98,91,2,1,0),(92,37,0,0,100.8,100,100,100.8,92,2,1,0),(93,38,0,0,103.6,100,100,103.6,93,2,1,0),(94,39,0,0,106.4,100,100,106.4,94,2,1,0),(95,40,0,0,109.2,100,100,109.2,95,2,1,0),(96,41,0,0,112,100,100,112,96,2,1,0),(97,42,0,0,114.8,100,100,114.8,97,2,1,0),(98,43,0,0,117.6,100,100,117.6,98,2,1,0),(99,44,0,0,120.4,100,100,120.4,99,2,1,0),(100,45,0,0,123.2,100,100,123.2,100,2,1,0),(101,46,0,0,126,100,100,126,101,2,1,0),(102,47,0,0,128.8,100,100,128.8,102,2,1,0),(103,48,0,0,131.6,100,100,131.6,103,2,1,0),(104,49,0,0,134.4,100,100,134.4,104,2,1,0),(105,50,0,0,137.2,100,100,137.2,105,2,1,0),(106,51,0,0,190.6,100,100,190.6,106,2,1,0),(107,52,0,0,238.1,100,100,238.1,107,2,1,0),(108,53,0,0,285.6,100,100,285.6,108,2,1,0),(109,54,0,0,333.1,100,100,333.1,109,2,1,0),(110,57,0,0,937.2,100,100,937.2,110,2,1,0);
/*!40000 ALTER TABLE `CHAMBERS` ENABLE KEYS */;
UNLOCK TABLES;

--
-- Table structure for table `DIFS`
--

DROP TABLE IF EXISTS `DIFS`;
/*!40101 SET @saved_cs_client     = @@character_set_client */;
/*!40101 SET character_set_client = utf8 */;
CREATE TABLE `DIFS` (
  `IDX` int(11) NOT NULL AUTO_INCREMENT,
  `NUM` int(11) DEFAULT '0',
  `DI` double DEFAULT '0',
  `DJ` double DEFAULT '0',
  `POLI` double DEFAULT '0',
  `POLJ` double DEFAULT '0',
  `CHAMBERID` int(11) DEFAULT '0',
  `VERSIONID` int(11) DEFAULT '0',
  `VALID` tinyint(1) DEFAULT '1',
  PRIMARY KEY (`IDX`)
) ENGINE=InnoDB AUTO_INCREMENT=327 DEFAULT CHARSET=latin1;
/*!40101 SET character_set_client = @saved_cs_client */;

--
-- Dumping data for table `DIFS`
--

LOCK TABLES `DIFS` WRITE;
/*!40000 ALTER TABLE `DIFS` DISABLE KEYS */;
INSERT INTO `DIFS` VALUES (1,181,0,64,1,1,1,1,1),(2,94,0,32,1,1,1,1,1),(3,30,0,0,1,1,1,1,1),(4,117,0,64,1,1,2,1,1),(5,149,0,32,1,1,2,1,1),(6,115,0,0,1,1,2,1,1),(7,122,0,64,1,1,3,1,1),(8,123,0,32,1,1,3,1,1),(9,130,0,0,1,1,3,1,1),(10,129,0,64,1,1,4,1,1),(11,118,0,32,1,1,4,1,1),(12,119,0,0,1,1,4,1,1),(13,164,0,64,1,1,5,1,1),(14,152,0,32,1,1,5,1,1),(15,151,0,0,1,1,5,1,1),(16,74,0,64,1,1,6,1,1),(17,61,0,32,1,1,6,1,1),(18,75,0,0,1,1,6,1,1),(19,156,0,64,1,1,7,1,1),(20,111,0,32,1,1,7,1,1),(21,110,0,0,1,1,7,1,1),(22,102,0,64,1,1,8,1,1),(23,177,0,32,1,1,8,1,1),(24,103,0,0,1,1,8,1,1),(25,133,0,64,1,1,9,1,1),(26,136,0,32,1,1,9,1,1),(27,134,0,0,1,1,9,1,1),(28,128,0,64,1,1,10,1,1),(29,120,0,32,1,1,10,1,1),(30,121,0,0,1,1,10,1,1),(31,65,0,64,1,1,11,1,1),(32,64,0,32,1,1,11,1,1),(33,58,0,0,1,1,11,1,1),(34,148,0,64,1,1,12,1,1),(35,72,0,32,1,1,12,1,1),(36,73,0,0,1,1,12,1,1),(37,78,0,64,1,1,13,1,1),(38,79,0,32,1,1,13,1,1),(39,60,0,0,1,1,13,1,1),(40,44,0,64,1,1,14,1,1),(41,43,0,32,1,1,14,1,1),(42,113,0,0,1,1,14,1,1),(43,66,0,64,1,1,15,1,1),(44,69,0,32,1,1,15,1,1),(45,68,0,0,1,1,15,1,1),(46,186,0,0,1,1,16,1,1),(47,127,0,32,1,1,16,1,1),(48,154,0,64,1,1,16,1,1),(49,147,0,64,1,1,17,1,1),(50,70,0,32,1,1,17,1,1),(51,71,0,0,1,1,17,1,1),(52,47,0,64,1,1,18,1,1),(53,139,0,32,1,1,18,1,1),(54,140,0,0,1,1,18,1,1),(55,143,0,64,1,1,19,1,1),(56,77,0,32,1,1,19,1,1),(57,76,0,0,1,1,19,1,1),(58,159,0,64,1,1,20,1,1),(59,91,0,32,1,1,20,1,1),(60,36,0,0,1,1,20,1,1),(61,179,0,64,1,1,21,1,1),(62,178,0,32,1,1,21,1,1),(63,183,0,0,1,1,21,1,1),(64,41,0,64,1,1,22,1,1),(65,42,0,32,1,1,22,1,1),(66,67,0,0,1,1,22,1,1),(67,137,0,64,1,1,23,1,1),(68,46,0,32,1,1,23,1,1),(69,138,0,0,1,1,23,1,1),(70,131,0,64,1,1,24,1,1),(71,173,0,32,1,1,24,1,1),(72,144,0,0,1,1,24,1,1),(73,189,0,64,1,1,25,1,1),(74,184,0,32,1,1,25,1,1),(75,160,0,0,1,1,25,1,1),(76,172,0,64,1,1,26,1,1),(77,167,0,32,1,1,26,1,1),(78,171,0,0,1,1,26,1,1),(79,146,0,64,1,1,27,1,1),(80,135,0,32,1,1,27,1,1),(81,145,0,0,1,1,27,1,1),(82,185,0,64,1,1,28,1,1),(83,170,0,32,1,1,28,1,1),(84,180,0,0,1,1,28,1,1),(85,187,0,64,1,1,29,1,1),(86,188,0,32,1,1,29,1,1),(87,190,0,0,1,1,29,1,1),(88,169,0,64,1,1,30,1,1),(89,165,0,32,1,1,30,1,1),(90,166,0,0,1,1,30,1,1),(91,155,0,64,1,1,31,1,1),(92,57,0,32,1,1,31,1,1),(93,50,0,0,1,1,31,1,1),(94,153,0,0,1,1,32,1,1),(95,108,0,32,1,1,32,1,1),(96,25,0,64,1,1,32,1,1),(97,51,0,64,1,1,33,1,1),(98,56,0,32,1,1,33,1,1),(99,109,0,0,1,1,33,1,1),(100,107,0,0,1,1,34,1,1),(101,150,0,32,1,1,34,1,1),(102,116,0,64,1,1,34,1,1),(103,126,0,64,1,1,35,1,1),(104,124,0,32,1,1,35,1,1),(105,49,0,0,1,1,35,1,1),(106,174,0,64,1,1,36,1,1),(107,175,0,32,1,1,36,1,1),(108,176,0,0,1,1,36,1,1),(109,48,0,64,1,1,37,1,1),(110,45,0,32,1,1,37,1,1),(111,114,0,0,1,1,37,1,1),(112,98,0,64,1,1,38,1,1),(113,93,0,32,1,1,38,1,1),(114,40,0,0,1,1,38,1,1),(115,92,0,64,1,1,39,1,1),(116,97,0,32,1,1,39,1,1),(117,100,0,0,1,1,39,1,1),(118,62,0,64,1,1,40,1,1),(119,106,0,32,1,1,40,1,1),(120,132,0,0,1,1,40,1,1),(121,101,0,64,1,1,41,1,1),(122,35,0,32,1,1,41,1,1),(123,99,0,0,1,1,41,1,1),(124,158,0,64,1,1,42,1,1),(125,142,0,32,1,1,42,1,1),(126,141,0,0,1,1,42,1,1),(127,163,0,64,1,1,43,1,1),(128,161,0,32,1,1,43,1,1),(129,162,0,0,1,1,43,1,1),(130,104,0,64,1,1,44,1,1),(131,29,0,32,1,1,44,1,1),(132,112,0,0,1,1,44,1,1),(133,59,0,64,1,1,45,1,1),(134,53,0,32,1,1,45,1,1),(135,54,0,0,1,1,45,1,1),(136,96,0,64,1,1,46,1,1),(137,90,0,32,1,1,46,1,1),(138,27,0,0,1,1,46,1,1),(139,95,0,64,1,1,47,1,1),(140,8,0,32,1,1,47,1,1),(141,5,0,0,1,1,47,1,1),(142,63,0,0,1,1,48,1,1),(143,87,0,32,1,1,48,1,1),(144,18,0,64,1,1,48,1,1),(145,243,0,0,1,1,49,1,1),(146,242,0,32,1,1,49,1,1),(147,241,0,64,1,1,49,1,1),(148,105,0,0,1,1,50,1,1),(149,182,0,32,1,1,50,1,1),(150,80,0,64,1,1,50,1,1),(151,205,0,64,1,1,51,1,1),(152,206,0,32,1,1,51,1,1),(153,207,0,0,1,1,51,1,1),(154,208,0,64,1,1,52,1,1),(155,209,0,32,1,1,52,1,1),(156,210,0,0,1,1,52,1,1),(157,211,0,64,1,1,53,1,1),(158,212,0,32,1,1,53,1,1),(159,213,0,0,1,1,53,1,1),(160,214,0,64,1,1,54,1,1),(161,215,0,32,1,1,54,1,1),(162,216,0,0,1,1,54,1,1),(163,125,0,0,1,1,55,1,1),(164,181,0,64,1,1,56,2,1),(165,94,0,32,1,1,56,2,1),(166,30,0,0,1,1,56,2,1),(167,117,0,64,1,1,57,2,1),(168,149,0,32,1,1,57,2,1),(169,115,0,0,1,1,57,2,1),(170,122,0,64,1,1,58,2,1),(171,123,0,32,1,1,58,2,1),(172,130,0,0,1,1,58,2,1),(173,129,0,64,1,1,59,2,1),(174,118,0,32,1,1,59,2,1),(175,119,0,0,1,1,59,2,1),(176,164,0,64,1,1,60,2,1),(177,152,0,32,1,1,60,2,1),(178,151,0,0,1,1,60,2,1),(179,74,0,64,1,1,61,2,1),(180,61,0,32,1,1,61,2,1),(181,75,0,0,1,1,61,2,1),(182,156,0,64,1,1,62,2,1),(183,111,0,32,1,1,62,2,1),(184,110,0,0,1,1,62,2,1),(185,102,0,64,1,1,63,2,1),(186,177,0,32,1,1,63,2,1),(187,103,0,0,1,1,63,2,1),(188,133,0,64,1,1,64,2,1),(189,136,0,32,1,1,64,2,1),(190,134,0,0,1,1,64,2,1),(191,128,0,64,1,1,65,2,1),(192,120,0,32,1,1,65,2,1),(193,121,0,0,1,1,65,2,1),(194,65,0,64,1,1,66,2,1),(195,64,0,32,1,1,66,2,1),(196,58,0,0,1,1,66,2,1),(197,148,0,64,1,1,67,2,1),(198,72,0,32,1,1,67,2,1),(199,73,0,0,1,1,67,2,1),(200,78,0,64,1,1,68,2,1),(201,79,0,32,1,1,68,2,1),(202,60,0,0,1,1,68,2,1),(203,44,0,64,1,1,69,2,1),(204,43,0,32,1,1,69,2,1),(205,113,0,0,1,1,69,2,1),(206,66,0,64,1,1,70,2,1),(207,69,0,32,1,1,70,2,1),(208,68,0,0,1,1,70,2,1),(209,186,0,0,1,1,71,2,1),(210,127,0,32,1,1,71,2,1),(211,154,0,64,1,1,71,2,1),(212,147,0,64,1,1,72,2,1),(213,70,0,32,1,1,72,2,1),(214,71,0,0,1,1,72,2,1),(215,47,0,64,1,1,73,2,1),(216,139,0,32,1,1,73,2,1),(217,140,0,0,1,1,73,2,1),(218,143,0,64,1,1,74,2,1),(219,77,0,32,1,1,74,2,1),(220,76,0,0,1,1,74,2,1),(221,159,0,64,1,1,75,2,1),(222,91,0,32,1,1,75,2,1),(223,36,0,0,1,1,75,2,1),(224,179,0,64,1,1,76,2,1),(225,178,0,32,1,1,76,2,1),(226,183,0,0,1,1,76,2,1),(227,41,0,64,1,1,77,2,1),(228,42,0,32,1,1,77,2,1),(229,67,0,0,1,1,77,2,1),(230,137,0,64,1,1,78,2,1),(231,46,0,32,1,1,78,2,1),(232,138,0,0,1,1,78,2,1),(233,131,0,64,1,1,79,2,1),(234,173,0,32,1,1,79,2,1),(235,144,0,0,1,1,79,2,1),(236,189,0,64,1,1,80,2,1),(237,184,0,32,1,1,80,2,1),(238,160,0,0,1,1,80,2,1),(239,172,0,64,1,1,81,2,1),(240,167,0,32,1,1,81,2,1),(241,171,0,0,1,1,81,2,1),(242,146,0,64,1,1,82,2,1),(243,135,0,32,1,1,82,2,1),(244,145,0,0,1,1,82,2,1),(245,185,0,64,1,1,83,2,1),(246,170,0,32,1,1,83,2,1),(247,180,0,0,1,1,83,2,1),(248,187,0,64,1,1,84,2,1),(249,188,0,32,1,1,84,2,1),(250,190,0,0,1,1,84,2,1),(251,169,0,64,1,1,85,2,1),(252,165,0,32,1,1,85,2,1),(253,166,0,0,1,1,85,2,1),(254,155,0,64,1,1,86,2,1),(255,57,0,32,1,1,86,2,1),(256,50,0,0,1,1,86,2,1),(257,153,0,0,1,1,87,2,1),(258,108,0,32,1,1,87,2,1),(259,25,0,64,1,1,87,2,1),(260,51,0,64,1,1,88,2,1),(261,56,0,32,1,1,88,2,1),(262,109,0,0,1,1,88,2,1),(263,107,0,0,1,1,89,2,1),(264,150,0,32,1,1,89,2,1),(265,116,0,64,1,1,89,2,1),(266,126,0,64,1,1,90,2,1),(267,124,0,32,1,1,90,2,1),(268,49,0,0,1,1,90,2,1),(269,174,0,64,1,1,91,2,1),(270,175,0,32,1,1,91,2,1),(271,176,0,0,1,1,91,2,1),(272,48,0,64,1,1,92,2,1),(273,45,0,32,1,1,92,2,1),(274,114,0,0,1,1,92,2,1),(275,98,0,64,1,1,93,2,1),(276,93,0,32,1,1,93,2,1),(277,40,0,0,1,1,93,2,1),(278,92,0,64,1,1,94,2,1),(279,97,0,32,1,1,94,2,1),(280,100,0,0,1,1,94,2,1),(281,62,0,64,1,1,95,2,1),(282,106,0,32,1,1,95,2,1),(283,132,0,0,1,1,95,2,1),(284,101,0,64,1,1,96,2,1),(285,35,0,32,1,1,96,2,1),(286,99,0,0,1,1,96,2,1),(287,158,0,64,1,1,97,2,1),(288,142,0,32,1,1,97,2,1),(289,141,0,0,1,1,97,2,1),(290,163,0,64,1,1,98,2,1),(291,161,0,32,1,1,98,2,1),(292,162,0,0,1,1,98,2,1),(293,104,0,64,1,1,99,2,1),(294,29,0,32,1,1,99,2,1),(295,112,0,0,1,1,99,2,1),(296,59,0,64,1,1,100,2,1),(297,53,0,32,1,1,100,2,1),(298,54,0,0,1,1,100,2,1),(299,96,0,64,1,1,101,2,1),(300,90,0,32,1,1,101,2,1),(301,27,0,0,1,1,101,2,1),(302,95,0,64,1,1,102,2,1),(303,8,0,32,1,1,102,2,1),(304,5,0,0,1,1,102,2,1),(305,63,0,0,1,1,103,2,1),(306,87,0,32,1,1,103,2,1),(307,18,0,64,1,1,103,2,1),(308,243,0,0,1,1,104,2,1),(309,242,0,32,1,1,104,2,1),(310,241,0,64,1,1,104,2,1),(311,105,0,0,1,1,105,2,1),(312,182,0,32,1,1,105,2,1),(313,80,0,64,1,1,105,2,1),(314,205,0,64,1,1,106,2,1),(315,206,0,32,1,1,106,2,1),(316,207,0,0,1,1,106,2,1),(317,208,0,64,1,1,107,2,1),(318,209,0,32,1,1,107,2,1),(319,210,0,0,1,1,107,2,1),(320,211,0,64,1,1,108,2,1),(321,212,0,32,1,1,108,2,1),(322,213,0,0,1,1,108,2,1),(323,214,0,64,1,1,109,2,1),(324,215,0,32,1,1,109,2,1),(325,216,0,0,1,1,109,2,1),(326,125,0,0,1,1,110,2,1);
/*!40000 ALTER TABLE `DIFS` ENABLE KEYS */;
UNLOCK TABLES;

--
-- Table structure for table `FILES`
--

DROP TABLE IF EXISTS `FILES`;
/*!40101 SET @saved_cs_client     = @@character_set_client */;
/*!40101 SET character_set_client = utf8 */;
CREATE TABLE `FILES` (
  `IDX` int(11) NOT NULL AUTO_INCREMENT,
  `LOCATION` varchar(256) DEFAULT 'NONE',
  `COMPRESS` int(11) DEFAULT '0',
  `RUN` int(11) DEFAULT '0',
  `VALID` tinyint(1) DEFAULT '1',
  `SQUENCE` int(11) DEFAULT '0',
  `FILTERUNIT` int(11) DEFAULT '0',
  PRIMARY KEY (`IDX`)
) ENGINE=InnoDB AUTO_INCREMENT=121 DEFAULT CHARSET=latin1;
/*!40101 SET character_set_client = @saved_cs_client */;

--
-- Dumping data for table `FILES`
--

LOCK TABLES `FILES` WRITE;
/*!40000 ALTER TABLE `FILES` DISABLE KEYS */;
INSERT INTO `FILES` VALUES (1,'/data/NAS/Results/DHCAL_715493_I0_0.slcio',0,715694,1,0,0),(2,'/data/NAS/Results/DHCAL_715493_I1_0.slcio',0,715694,1,0,1),(3,'/data/NAS/Results/DHCAL_715493_I2_0.slcio',0,715694,1,0,2),(4,'/data/NAS/Results/DHCAL_715493_I3_0.slcio',0,715694,1,0,3),(5,'/data/NAS/BeamTest2012Compressed/DHCAL_715493_I9_0.slcio',1,715694,1,0,0),(6,'/data/NAS/BeamTest2012Compressed/DHCAL_715531_I9_0.slcio',1,715531,1,0,0),(7,'/data/NAS/Results/DHCAL_715531_I3_0.slcio',0,715531,1,0,3),(8,'/data/NAS/Results/DHCAL_715531_I2_0.slcio',0,715531,1,0,2),(9,'/data/NAS/Results/DHCAL_715531_I1_0.slcio',0,715531,1,0,1),(10,'/data/NAS/Results/DHCAL_715531_I0_0.slcio',0,715531,1,0,0),(11,'/data/NAS/BeamTest2012Compressed/DHCAL_715651_I9_0.slcio',1,715651,1,0,0),(12,'/data/NAS/Results/DHCAL_715651_I0_0.slcio',0,715651,1,0,0),(13,'/data/NAS/Results/DHCAL_715651_I0_1.slcio',0,715651,1,1,0),(14,'/data/NAS/Results/DHCAL_715651_I1_0.slcio',0,715651,1,0,1),(15,'/data/NAS/Results/DHCAL_715651_I1_1.slcio',0,715651,1,1,1),(16,'/data/NAS/Results/DHCAL_715651_I2_1.slcio',0,715651,1,1,2),(17,'/data/NAS/Results/DHCAL_715651_I2_0.slcio',0,715651,1,0,2),(18,'/data/NAS/Results/DHCAL_715651_I3_0.slcio',0,715651,1,0,3),(19,'/data/NAS/Results/DHCAL_715651_I3_1.slcio',0,715651,1,1,3),(20,'/data/NAS/Results/DHCAL_715675_I0_0.slcio',0,715675,1,0,0),(21,'/data/NAS/Results/DHCAL_715675_I1_0.slcio',0,715675,1,0,1),(22,'/data/NAS/Results/DHCAL_715675_I2_0.slcio',0,715675,1,0,2),(23,'/data/NAS/Results/DHCAL_715675_I3_0.slcio',0,715675,1,0,3),(24,'/data/NAS/BeamTest2012Compressed/DHCAL_715675_I9_0.slcio',1,715675,1,0,9),(25,'/data/NAS/Results/DHCAL_715693_I0_0.slcio',0,715693,1,0,0),(26,'/data/NAS/Results/DHCAL_715693_I3_0.slcio',0,715693,1,0,3),(27,'/data/NAS/Results/DHCAL_715693_I1_0.slcio',0,715693,1,0,1),(28,'/data/NAS/Results/DHCAL_715693_I2_0.slcio',0,715693,1,0,2),(29,'/data/NAS/BeamTest2012Compressed/DHCAL_715693_I9_0.slcio',1,715693,1,0,9),(30,'/data/NAS/Results/DHCAL_715694_I0_0.slcio',0,715694,1,0,0),(31,'/data/NAS/Results/DHCAL_715694_I2_0.slcio',0,715694,1,0,2),(32,'/data/NAS/Results/DHCAL_715694_I1_0.slcio',0,715694,1,0,1),(33,'/data/NAS/Results/DHCAL_715694_I3_0.slcio',0,715694,1,0,3),(34,'/data/NAS/BeamTest2012Compressed/DHCAL_715694_I9_0.slcio',1,715694,1,0,9),(35,'/data/NAS/Results/DHCAL_715699_I3_0.slcio',0,715699,1,0,3),(36,'/data/NAS/Results/DHCAL_715699_I0_0.slcio',0,715699,1,0,0),(37,'/data/NAS/Results/DHCAL_715699_I1_0.slcio',0,715699,1,0,1),(38,'/data/NAS/Results/DHCAL_715699_I2_0.slcio',0,715699,1,0,2),(39,'/data/NAS/BeamTest2012Compressed/DHCAL_715699_I9_0.slcio',1,715699,1,0,9),(40,'/data/NAS/Results/DHCAL_715703_I3_0.slcio',0,715703,1,0,3),(41,'/data/NAS/Results/DHCAL_715703_I1_0.slcio',0,715703,1,0,1),(42,'/data/NAS/Results/DHCAL_715703_I0_0.slcio',0,715703,1,0,0),(43,'/data/NAS/Results/DHCAL_715703_I2_0.slcio',0,715703,1,0,2),(44,'/data/NAS/BeamTest2012Compressed/DHCAL_715703_I9_0.slcio',1,715703,1,0,9),(45,'/data/NAS/Results/DHCAL_715747_I2_0.slcio',0,715747,1,0,2),(46,'/data/NAS/Results/DHCAL_715747_I1_0.slcio',0,715747,1,0,1),(47,'/data/NAS/Results/DHCAL_715747_I0_0.slcio',0,715747,1,0,0),(48,'/data/NAS/Results/DHCAL_715747_I3_0.slcio',0,715747,1,0,3),(49,'/data/NAS/BeamTest2012Compressed/DHCAL_715747_I9_0.slcio',1,715747,1,0,9),(50,'/data/NAS/Results/DHCAL_715748_I0_0.slcio',0,715748,1,0,0),(51,'/data/NAS/Results/DHCAL_715748_I2_0.slcio',0,715748,1,0,2),(52,'/data/NAS/Results/DHCAL_715748_I1_0.slcio',0,715748,1,0,1),(53,'/data/NAS/Results/DHCAL_715748_I3_0.slcio',0,715748,1,0,3),(54,'/data/NAS/BeamTest2012Compressed/DHCAL_715748_I9_0.slcio',1,715748,1,0,9),(55,'/data/NAS/Results/DHCAL_715751_I1_0.slcio',0,715751,1,0,1),(56,'/data/NAS/Results/DHCAL_715751_I0_0.slcio',0,715751,1,0,0),(57,'/data/NAS/Results/DHCAL_715751_I3_0.slcio',0,715751,1,0,3),(58,'/data/NAS/Results/DHCAL_715751_I2_0.slcio',0,715751,1,0,2),(59,'/data/NAS/BeamTest2012Compressed/DHCAL_715751_I9_0.slcio',1,715751,1,0,9),(60,'/data/NAS/Results/DHCAL_715753_I1_0.slcio',0,715753,1,0,1),(61,'/data/NAS/Results/DHCAL_715753_I2_0.slcio',0,715753,1,0,2),(62,'/data/NAS/Results/DHCAL_715753_I3_0.slcio',0,715753,1,0,3),(63,'/data/NAS/Results/DHCAL_715753_I0_0.slcio',0,715753,1,0,0),(64,'/data/NAS/BeamTest2012Compressed/DHCAL_715753_I9_0.slcio',1,715753,1,0,9),(65,'/data/NAS/Results/DHCAL_715754_I3_0.slcio',0,715754,1,0,3),(66,'/data/NAS/Results/DHCAL_715754_I1_0.slcio',0,715754,1,0,1),(67,'/data/NAS/Results/DHCAL_715754_I2_0.slcio',0,715754,1,0,2),(68,'/data/NAS/Results/DHCAL_715754_I0_0.slcio',0,715754,1,0,0),(69,'/data/NAS/BeamTest2012Compressed/DHCAL_715754_I9_0.slcio',1,715754,1,0,9),(70,'/data/NAS/Results/DHCAL_715756_I2_0.slcio',0,715756,1,0,2),(71,'/data/NAS/Results/DHCAL_715756_I1_0.slcio',0,715756,1,0,1),(72,'/data/NAS/Results/DHCAL_715756_I0_0.slcio',0,715756,1,0,0),(73,'/data/NAS/Results/DHCAL_715756_I3_0.slcio',0,715756,1,0,3),(74,'/data/NAS/BeamTest2012Compressed/DHCAL_715756_I9_0.slcio',1,715756,1,0,9),(75,'/data/NAS/Results/DHCAL_715757_I1_0.slcio',0,715757,1,0,1),(76,'/data/NAS/Results/DHCAL_715757_I2_0.slcio',0,715757,1,0,2),(77,'/data/NAS/Results/DHCAL_715757_I0_0.slcio',0,715757,1,0,0),(78,'/data/NAS/Results/DHCAL_715757_I3_0.slcio',0,715757,1,0,3),(79,'/data/NAS/Results/DHCAL_716321_I2_0.slcio',0,716321,1,0,2),(80,'/data/NAS/Results/DHCAL_716321_I1_0.slcio',0,716321,1,0,1),(81,'/data/NAS/Results/DHCAL_716321_I3_0.slcio',0,716321,1,0,3),(82,'/data/NAS/Results/DHCAL_716321_I0_0.slcio',0,716321,1,0,0),(83,'/data/NAS/Results/DHCAL_716321_I4_0.slcio',0,716321,1,0,4),(84,'/data/NAS/BeamTest2012Compressed/DHCAL_716321_I9_0.slcio',1,716321,1,0,9),(85,'/data/NAS/Results/DHCAL_716315_I0_0.slcio',0,716315,1,0,0),(86,'/data/NAS/Results/DHCAL_716315_I3_0.slcio',0,716315,1,0,3),(87,'/data/NAS/Results/DHCAL_716315_I1_0.slcio',0,716315,1,0,1),(88,'/data/NAS/Results/DHCAL_716315_I4_0.slcio',0,716315,1,0,4),(89,'/data/NAS/Results/DHCAL_716315_I2_0.slcio',0,716315,1,0,2),(90,'/data/NAS/BeamTest2012Compressed/DHCAL_716315_I9_0.slcio',1,716315,1,0,9),(91,'/data/NAS/Results/DHCAL_716308_I2_0.slcio',0,716308,1,0,2),(92,'/data/NAS/Results/DHCAL_716308_I0_0.slcio',0,716308,1,0,0),(93,'/data/NAS/Results/DHCAL_716308_I1_0.slcio',0,716308,1,0,1),(94,'/data/NAS/Results/DHCAL_716308_I3_0.slcio',0,716308,1,0,3),(95,'/data/NAS/Results/DHCAL_716308_I4_0.slcio',0,716308,1,0,4),(96,'/data/NAS/BeamTest2012Compressed/DHCAL_716308_I9_0.slcio',1,716308,1,0,9),(97,'/data/NAS/Results/DHCAL_716307_I1_0.slcio',0,716307,1,0,1),(98,'/data/NAS/Results/DHCAL_716307_I0_0.slcio',0,716307,1,0,0),(99,'/data/NAS/Results/DHCAL_716307_I3_0.slcio',0,716307,1,0,3),(100,'/data/NAS/Results/DHCAL_716307_I2_0.slcio',0,716307,1,0,2),(101,'/data/NAS/Results/DHCAL_716307_I4_0.slcio',0,716307,1,0,4),(102,'/data/NAS/BeamTest2012Compressed/DHCAL_716307_I9_0.slcio',1,716307,1,0,9),(103,'/data/NAS/Results/DHCAL_716305_I2_0.slcio',0,716305,1,0,2),(104,'/data/NAS/Results/DHCAL_716305_I1_0.slcio',0,716305,1,0,1),(105,'/data/NAS/Results/DHCAL_716305_I4_0.slcio',0,716305,1,0,4),(106,'/data/NAS/Results/DHCAL_716305_I0_0.slcio',0,716305,1,0,0),(107,'/data/NAS/Results/DHCAL_716305_I3_0.slcio',0,716305,1,0,3),(108,'/data/NAS/BeamTest2012Compressed/DHCAL_716305_I9_0.slcio',1,716305,1,0,9),(109,'/data/NAS/Results/DHCAL_716298_I0_0.slcio',0,716298,1,0,0),(110,'/data/NAS/Results/DHCAL_716298_I2_0.slcio',0,716298,1,0,2),(111,'/data/NAS/Results/DHCAL_716298_I1_0.slcio',0,716298,1,0,1),(112,'/data/NAS/Results/DHCAL_716298_I3_0.slcio',0,716298,1,0,3),(113,'/data/NAS/Results/DHCAL_716298_I4_0.slcio',0,716298,1,0,4),(114,'/data/NAS/BeamTest2012Compressed/DHCAL_716298_I9_0.slcio',1,716298,1,0,9),(115,'/data/NAS/Results/DHCAL_716290_I0_0.slcio',0,716290,1,0,0),(116,'/data/NAS/Results/DHCAL_716290_I4_0.slcio',0,716290,1,0,4),(117,'/data/NAS/Results/DHCAL_716290_I1_0.slcio',0,716290,1,0,1),(118,'/data/NAS/Results/DHCAL_716290_I3_0.slcio',0,716290,1,0,3),(119,'/data/NAS/Results/DHCAL_716290_I2_0.slcio',0,716290,1,0,2),(120,'/data/NAS/BeamTest2012Compressed/DHCAL_716290_I9_0.slcio',1,716290,1,0,9);
/*!40000 ALTER TABLE `FILES` ENABLE KEYS */;
UNLOCK TABLES;

--
-- Table structure for table `PLANS`
--

DROP TABLE IF EXISTS `PLANS`;
/*!40101 SET @saved_cs_client     = @@character_set_client */;
/*!40101 SET character_set_client = utf8 */;
CREATE TABLE `PLANS` (
  `IDX` int(11) NOT NULL AUTO_INCREMENT,
  `NUM` int(11) DEFAULT '0',
  `X0` double DEFAULT '0',
  `Y0` double DEFAULT '0',
  `Z0` double DEFAULT '0',
  `VERSIONID` int(11) DEFAULT '0',
  `VALID` tinyint(1) DEFAULT '1',
  PRIMARY KEY (`IDX`)
) ENGINE=InnoDB AUTO_INCREMENT=111 DEFAULT CHARSET=latin1;
/*!40101 SET character_set_client = @saved_cs_client */;

--
-- Dumping data for table `PLANS`
--

LOCK TABLES `PLANS` WRITE;
/*!40000 ALTER TABLE `PLANS` DISABLE KEYS */;
INSERT INTO `PLANS` VALUES (1,1,0,0,0,1,1),(2,2,0,0,0,1,1),(3,3,0,0,0,1,1),(4,4,0,0,0,1,1),(5,5,0,0,0,1,1),(6,6,0,0,0,1,1),(7,7,0,0,0,1,1),(8,8,0,0,0,1,1),(9,9,0,0,0,1,1),(10,10,0,0,0,1,1),(11,11,0,0,0,1,1),(12,12,0,0,0,1,1),(13,13,0,0,0,1,1),(14,14,0,0,0,1,1),(15,15,0,0,0,1,1),(16,16,0,0,0,1,1),(17,17,0,0,0,1,1),(18,18,0,0,0,1,1),(19,19,0,0,0,1,1),(20,20,0,0,0,1,1),(21,21,0,0,0,1,1),(22,22,0,0,0,1,1),(23,23,0,0,0,1,1),(24,24,0,0,0,1,1),(25,25,0,0,0,1,1),(26,26,0,0,0,1,1),(27,27,0,0,0,1,1),(28,28,0,0,0,1,1),(29,29,0,0,0,1,1),(30,30,0,0,0,1,1),(31,31,0,0,0,1,1),(32,32,0,0,0,1,1),(33,33,0,0,0,1,1),(34,34,0,0,0,1,1),(35,35,0,0,0,1,1),(36,36,0,0,0,1,1),(37,37,0,0,0,1,1),(38,38,0,0,0,1,1),(39,39,0,0,0,1,1),(40,40,0,0,0,1,1),(41,41,0,0,0,1,1),(42,42,0,0,0,1,1),(43,43,0,0,0,1,1),(44,44,0,0,0,1,1),(45,45,0,0,0,1,1),(46,46,0,0,0,1,1),(47,47,0,0,0,1,1),(48,48,0,0,0,1,1),(49,49,0,0,0,1,1),(50,50,0,0,0,1,1),(51,51,0,0,0,1,1),(52,52,0,0,0,1,1),(53,53,0,0,0,1,1),(54,54,0,0,0,1,1),(55,57,0,0,0,1,1),(56,1,0,0,0,2,1),(57,2,0,0,0,2,1),(58,3,0,0,0,2,1),(59,4,0,0,0,2,1),(60,5,0,0,0,2,1),(61,6,0,0,0,2,1),(62,7,0,0,0,2,1),(63,8,0,0,0,2,1),(64,9,0,0,0,2,1),(65,10,0,0,0,2,1),(66,11,0,0,0,2,1),(67,12,0,0,0,2,1),(68,13,0,0,0,2,1),(69,14,0,0,0,2,1),(70,15,0,0,0,2,1),(71,16,0,0,0,2,1),(72,17,0,0,0,2,1),(73,18,0,0,0,2,1),(74,19,0,0,0,2,1),(75,20,0,0,0,2,1),(76,21,0,0,0,2,1),(77,22,0,0,0,2,1),(78,23,0,0,0,2,1),(79,24,0,0,0,2,1),(80,25,0,0,0,2,1),(81,26,0,0,0,2,1),(82,27,0,0,0,2,1),(83,28,0,0,0,2,1),(84,29,0,0,0,2,1),(85,30,0,0,0,2,1),(86,31,0,0,0,2,1),(87,32,0,0,0,2,1),(88,33,0,0,0,2,1),(89,34,0,0,0,2,1),(90,35,0,0,0,2,1),(91,36,0,0,0,2,1),(92,37,0,0,0,2,1),(93,38,0,0,0,2,1),(94,39,0,0,0,2,1),(95,40,0,0,0,2,1),(96,41,0,0,0,2,1),(97,42,0,0,0,2,1),(98,43,0,0,0,2,1),(99,44,0,0,0,2,1),(100,45,0,0,0,2,1),(101,46,0,0,0,2,1),(102,47,0,0,0,2,1),(103,48,0,0,0,2,1),(104,49,0,0,0,2,1),(105,50,0,0,0,2,1),(106,51,0,0,0,2,1),(107,52,0,0,0,2,1),(108,53,0,0,0,2,1),(109,54,0,0,0,2,1),(110,57,0,0,0,2,1);
/*!40000 ALTER TABLE `PLANS` ENABLE KEYS */;
UNLOCK TABLES;

--
-- Table structure for table `RUNS`
--

DROP TABLE IF EXISTS `RUNS`;
/*!40101 SET @saved_cs_client     = @@character_set_client */;
/*!40101 SET character_set_client = utf8 */;
CREATE TABLE `RUNS` (
  `IDX` int(11) NOT NULL AUTO_INCREMENT,
  `QUALITY` int(11) DEFAULT '0',
  `DEBUT` timestamp NOT NULL DEFAULT CURRENT_TIMESTAMP,
  `RUN` int(11) DEFAULT '0',
  `VERSIONID` int(11) DEFAULT '0',
  `VALID` tinyint(1) DEFAULT '1',
  `ENERGY` float DEFAULT NULL,
  `BEAM` varchar(50) DEFAULT NULL,
  `COMMENTS` varchar(500) DEFAULT NULL,
  PRIMARY KEY (`IDX`)
) ENGINE=InnoDB AUTO_INCREMENT=23 DEFAULT CHARSET=latin1;
/*!40101 SET character_set_client = @saved_cs_client */;

--
-- Dumping data for table `RUNS`
--

LOCK TABLES `RUNS` WRITE;
/*!40000 ALTER TABLE `RUNS` DISABLE KEYS */;
INSERT INTO `RUNS` VALUES (1,1,'2012-09-04 20:25:46',715694,1,1,5,'PI+',NULL),(2,1,'2012-09-04 16:41:20',715693,1,1,10,'PI+',NULL),(3,1,'2012-09-05 23:47:13',715699,1,1,15,'PI+',NULL),(4,1,'2012-09-04 08:22:39',715675,1,1,20,'PI+',NULL),(5,1,'2012-09-06 10:12:20',715703,1,1,25,'PI+',NULL),(6,1,'2012-09-08 16:58:40',715747,1,1,30,'PI+',NULL),(7,1,'2012-09-08 19:05:31',715748,1,1,40,'PI+',NULL),(8,1,'2012-09-08 22:00:46',715751,1,1,50,'PI+',NULL),(9,1,'2012-09-09 01:33:28',715753,1,1,60,'PI+',NULL),(10,1,'2012-09-09 04:12:11',715754,1,1,70,'PI+',NULL),(11,1,'2012-09-09 08:21:11',715756,1,1,80,'PI+',NULL),(12,2,'2012-09-09 10:55:25',715757,1,1,90,'PI+',NULL),(13,1,'2012-09-03 15:00:59',715651,1,1,40,'PI+',NULL),(14,1,'2012-09-01 06:33:13',715531,1,1,60,'PI+',NULL),(15,1,'2012-08-31 20:25:15',715493,1,1,70,'PI+',NULL),(16,1,'2012-11-16 12:49:04',716290,2,1,70,'PI+',NULL),(17,1,'2012-11-16 23:18:58',716298,2,1,60,'PI+',NULL),(18,1,'2012-11-17 09:29:34',716305,2,1,50,'PI+',NULL),(19,1,'2012-11-17 20:00:58',716307,2,1,40,'PI+',NULL),(20,1,'2012-11-18 02:08:37',716308,2,1,30,'PI+',NULL),(21,1,'2012-11-18 12:03:12',716315,2,1,20,'PI+',NULL),(22,1,'2012-11-18 22:50:56',716321,2,1,10,'PI+',NULL);
/*!40000 ALTER TABLE `RUNS` ENABLE KEYS */;
UNLOCK TABLES;

--
-- Table structure for table `VERSIONS`
--

DROP TABLE IF EXISTS `VERSIONS`;
/*!40101 SET @saved_cs_client     = @@character_set_client */;
/*!40101 SET character_set_client = utf8 */;
CREATE TABLE `VERSIONS` (
  `IDX` int(11) NOT NULL AUTO_INCREMENT,
  `TESTNAME` varchar(256) DEFAULT 'NONE',
  `QUALITY` int(11) DEFAULT '0',
  `DEBUT` timestamp NOT NULL DEFAULT CURRENT_TIMESTAMP,
  `FIN` timestamp NOT NULL DEFAULT '0000-00-00 00:00:00',
  `VALID` tinyint(1) DEFAULT '1',
  PRIMARY KEY (`IDX`)
) ENGINE=InnoDB AUTO_INCREMENT=3 DEFAULT CHARSET=latin1;
/*!40101 SET character_set_client = @saved_cs_client */;

--
-- Dumping data for table `VERSIONS`
--

LOCK TABLES `VERSIONS` WRITE;
/*!40000 ALTER TABLE `VERSIONS` DISABLE KEYS */;
INSERT INTO `VERSIONS` VALUES (1,'SPS_08_2012',1,'2012-07-31 22:00:00','2012-09-30 21:59:00',1),(2,'SPS_11_2012',1,'2012-11-12 23:00:00','2012-11-26 23:00:00',1);
/*!40000 ALTER TABLE `VERSIONS` ENABLE KEYS */;
UNLOCK TABLES;
/*!40103 SET TIME_ZONE=@OLD_TIME_ZONE */;

/*!40101 SET SQL_MODE=@OLD_SQL_MODE */;
/*!40014 SET FOREIGN_KEY_CHECKS=@OLD_FOREIGN_KEY_CHECKS */;
/*!40014 SET UNIQUE_CHECKS=@OLD_UNIQUE_CHECKS */;
/*!40101 SET CHARACTER_SET_CLIENT=@OLD_CHARACTER_SET_CLIENT */;
/*!40101 SET CHARACTER_SET_RESULTS=@OLD_CHARACTER_SET_RESULTS */;
/*!40101 SET COLLATION_CONNECTION=@OLD_COLLATION_CONNECTION */;
/*!40111 SET SQL_NOTES=@OLD_SQL_NOTES */;

-- Dump completed on 2015-11-17 16:02:28
